{
    "Πόρτο Ράφτη": [37.880444, 24.050528],
    "Χαμολιά": [37.923782, 24.028488],
    "Δασκαλειό": [37.814078, 24.053681],
    "Βάση": [37.387029, 24.873657],
    "Κακή Θάλασσα": [37.834105, 24.058496]
}
